Workbook

Sheet 기출DB_동지고
A1: school | B1: grade | C1: semester | D1: exam | E1: subject_code | F1: exam_date | G1: q_no | H1: points | I1: q_type | J1: answer | K1: source_hint | L1: passage_hint | M1: original_type | N1: type_changed | O1: predicted_flag | P1: confidence | Q1: position_pct | R1: source_status | S1: note
A2: 동지고 | B2: 3 | C2: 1 | D2: 기말 | E2: 07 | F2: 2026-07-06 | G2: 1 | H2: 3.9 | I2: 함축의미 | J2: ⑤ | L2: evolution/selection·restaurant analogy | M2: 함축의미 | N2: N | O2: N | R2: 확정
A3: 동지고 | B3: 3 | C3: 1 | D3: 기말 | E3: 07 | F3: 2026-07-06 | G3: 2 | H3: 3.5 | I3: 요지 | J3: ① | L3: NFL 쿼터백 랭킹·수학과 일상문화 | M3: 요지 | N3: N | O3: N | R3: 확정
A4: 동지고 | B4: 3 | C4: 1 | D4: 기말 | E4: 07 | F4: 2026-07-06 | G4: 3 | H4: 3.7 | I4: 주제 | J4: ④ | L4: Hawthorne effect·관찰자효과 | M4: 주제 | N4: N | O4: N | R4: 확정
A5: 동지고 | B5: 3 | C5: 1 | D5: 기말 | E5: 07 | F5: 2026-07-06 | G5: 4 | H5: 3.7 | I5: 제목 | J5: ③ | L5: 자기방어·성공실패 재해석 | M5: 제목 | N5: N | O5: N | R5: 확정
A6: 동지고 | B6: 3 | C6: 1 | D6: 기말 | E6: 07 | F6: 2026-07-06 | G6: 5 | H6: 3.5 | I6: 안내문불일치 | J6: ⑤ | L6: Meteor Shower Watch Party | M6: 실용문(안내문) | N6: N | O6: N | R6: 확정
A7: 동지고 | B7: 3 | C7: 1 | D7: 기말 | E7: 07 | F7: 2026-07-06 | G7: 6 | H7: 4.2 | I7: 어법 | J7: ③ | L7: 아동 미각선호·양수·분유 | M7: 어법 | N7: N | O7: N | R7: 확정 | S7: which→where(관계부사)
A8: 동지고 | B8: 3 | C8: 1 | D8: 기말 | E8: 07 | F8: 2026-07-06 | G8: 7 | H8: 4.2 | I8: 어휘(문맥) | J8: ④ | L8: connectivity·landscape 보전생물학 | M8: 어휘 | N8: N | O8: N | R8: 확정 | S8: facilitate→halt/prevent
A9: 동지고 | B9: 3 | C9: 1 | D9: 기말 | E9: 07 | F9: 2026-07-06 | G9: 8 | H9: 3.7 | I9: 무관문장 | J9: ④ | L9: 코끼리·keystone species·savanna | M9: 무관문장 | N9: N | O9: N | R9: 확정
A10: 동지고 | B10: 3 | C10: 1 | D10: 기말 | E10: 07 | F10: 2026-07-06 | G10: 9 | H10: 3.5 | I10: 문장삽입 | J10: ③ | L10: 소설읽기·공감·narratives | M10: 문장삽입 | N10: N | O10: N | R10: 확정
A11: 동지고 | B11: 3 | C11: 1 | D11: 기말 | E11: 07 | F11: 2026-07-06 | G11: 10 | H11: 3.9 | I11: 요약문 | J11: ① | L11: 범주·기능적 유사성·religiosity | M11: 요약문 | N11: N | O11: N | R11: 확정 | S11: rationale-coherence
A12: 동지고 | B12: 3 | C12: 1 | D12: 기말 | E12: 07 | F12: 2026-07-06 | G12: 11 | H12: 3.7 | I12: 주제 | J12: ④ | L12: 환경인종주의·redlining | M12: 주제 | N12: N | O12: N | R12: 확정
A13: 동지고 | B13: 3 | C13: 1 | D13: 기말 | E13: 07 | F13: 2026-07-06 | G13: 12 | H13: 3.7 | I13: 제목 | J13: ① | L13: SNS·건강증진 | M13: 제목 | N13: N | O13: N | R13: 확정
A14: 동지고 | B14: 3 | C14: 1 | D14: 기말 | E14: 07 | F14: 2026-07-06 | G14: 13 | H14: 3.5 | I14: 도표 | J14: ⑤ | L14: 원격근무 추이 2019-2024 | M14: 도표 | N14: N | O14: N | R14: 확정
A15: 동지고 | B15: 3 | C15: 1 | D15: 기말 | E15: 07 | F15: 2026-07-06 | G15: 14 | H15: 3.9 | I15: 어법 | J15: ② | L15: 자동차·교외화 | M15: 어법 | N15: N | O15: N | R15: 확정 | S15: promoted→promoting(분사)
A16: 동지고 | B16: 3 | C16: 1 | D16: 기말 | E16: 07 | F16: 2026-07-06 | G16: 15 | H16: 3.9 | I16: 어휘(문맥) | J16: ⑤ | L16: 생태계 구조·창발현상 | M16: 어휘 | N16: N | O16: N | R16: 확정 | S16: identical→different/greater
A17: 동지고 | B17: 3 | C17: 1 | D17: 기말 | E17: 07 | F17: 2026-07-06 | G17: 16 | H17: 3.7 | I17: 무관문장 | J17: ③ | L17: 자전거·운전 학습·what/how | M17: 무관문장 | N17: N | O17: N | R17: 확정
A18: 동지고 | B18: 3 | C18: 1 | D18: 기말 | E18: 07 | F18: 2026-07-06 | G18: 17 | H18: 4.2 | I18: 어휘(선택) | J18: ② | L18: 교육·질서·통제 | M18: 어휘(A/B/C) | N18: N | O18: N | R18: 확정 | S18: requires-commitment-entails
A19: 동지고 | B19: 3 | C19: 1 | D19: 기말 | E19: 07 | F19: 2026-07-06 | G19: 18 | H19: 3.9 | I19: 문장삽입 | J19: ④ | L19: 인사 프로토콜·사회적 코드 | M19: 문장삽입 | N19: N | O19: N | R19: 확정
A20: 동지고 | B20: 3 | C20: 1 | D20: 기말 | E20: 07 | F20: 2026-07-06 | G20: 19 | H20: 3.5 | I20: 순서배열(장문) | J20: ② | L20: Sparkle·Emily·Stephanie | M20: 순서배열 | N20: N | O20: N | R20: 확정 | S20: (C)-(B)-(D)
A21: 동지고 | B21: 3 | C21: 1 | D21: 기말 | E21: 07 | F21: 2026-07-06 | G21: 20 | H21: 3.5 | I21: 지칭추론(장문) | J21: ① | L21: Sparkle·Emily·Stephanie | M21: 지칭추론 | N21: N | O21: N | R21: 확정 | S21: (a)=Emily 외 Stephanie
A22: 동지고 | B22: 3 | C22: 1 | D22: 기말 | E22: 07 | F22: 2026-07-06 | G22: 21 | H22: 4.4 | I22: 빈칸 | J22: ⑤ | L22: Whitman·명성·대중 | M22: 빈칸(구) | N22: N | O22: N | R22: 확정
A23: 동지고 | B23: 3 | C23: 1 | D23: 기말 | E23: 07 | F23: 2026-07-06 | G23: 22 | H23: 4.4 | I23: 빈칸 | J23: ① | L23: AI·인간 정체성 | M23: 빈칸(절) | N23: N | O23: N | R23: 확정
A24: 동지고 | B24: 3 | C24: 1 | D24: 기말 | E24: 07 | F24: 2026-07-06 | G24: 23 | H24: 3.9 | I24: 순서배열 | J24: ⑤ | L24: 연습·시냅스·leaky hose | M24: 순서배열 | N24: N | O24: N | R24: 확정 | S24: (C)-(B)-(A)
A25: 동지고 | B25: 3 | C25: 1 | D25: 기말 | E25: 07 | F25: 2026-07-06 | G25: 24 | H25: 4.4 | I25: 순서배열 | J25: ④ | L25: 도식적 지식·schemata | M25: 순서배열 | N25: N | O25: N | R25: 확정 | S25: (C)-(B)-(A)
A26: 동지고 | B26: 3 | C26: 1 | D26: 기말 | E26: 07 | F26: 2026-07-06 | G26: 25 | H26: 3.7 | I26: 어법 | J26: ⑤ | L26: 시각·운전 안전 | M26: 어법 | N26: N | O26: N | R26: 확정 | S26: which→for which(전치사+관계대명사)
A27: 동지고 | B27: 3 | C27: 1 | D27: 기말 | E27: 07 | F27: 2026-07-06 | G27: 26 | H27: 3.9 | I27: 문장삽입 | J27: ④ | L27: 보존주의vs보전주의 | M27: 문장삽입 | N27: N | O27: N | R27: 확정

Sheet 유형별_집계
A1: 문항유형 | B1: 문항수 | C1: 배점합계
A2: 어법 | B2: =COUNTIF(기출DB_동지고!I:I,"어법") -> 3 | C2: =SUMIF(기출DB_동지고!I:I,"어법",기출DB_동지고!H:H) -> 11.8
A3: 어휘(문맥) | B3: =COUNTIF(기출DB_동지고!I:I,"어휘(문맥)") -> 2 | C3: =SUMIF(기출DB_동지고!I:I,"어휘(문맥)",기출DB_동지고!H:H) -> 8.1
A4: 어휘(선택) | B4: =COUNTIF(기출DB_동지고!I:I,"어휘(선택)") -> 1 | C4: =SUMIF(기출DB_동지고!I:I,"어휘(선택)",기출DB_동지고!H:H) -> 4.2
A5: 빈칸 | B5: =COUNTIF(기출DB_동지고!I:I,"빈칸") -> 2 | C5: =SUMIF(기출DB_동지고!I:I,"빈칸",기출DB_동지고!H:H) -> 8.8
A6: 문장삽입 | B6: =COUNTIF(기출DB_동지고!I:I,"문장삽입") -> 3 | C6: =SUMIF(기출DB_동지고!I:I,"문장삽입",기출DB_동지고!H:H) -> 11.3
A7: 순서배열 | B7: =COUNTIF(기출DB_동지고!I:I,"순서배열")+COUNTIF(기출DB_동지고!I:I,"순서배열(장문)") -> 3 | C7: =SUMIF(기출DB_동지고!I:I,"순서배열",기출DB_동지고!H:H)+SUMIF(기출DB_동지고!I:I,"순서배열(장문)",기출DB_동지고!H:H) -> 11.8
A8: 무관문장 | B8: =COUNTIF(기출DB_동지고!I:I,"무관문장") -> 2 | C8: =SUMIF(기출DB_동지고!I:I,"무관문장",기출DB_동지고!H:H) -> 7.4
A9: 주제/제목/요지 | B9: =COUNTIF(기출DB_동지고!I:I,"주제")+COUNTIF(기출DB_동지고!I:I,"제목")+COUNTIF(기출DB_동지고!I:I,"요지") -> 5 | C9: =SUMIF(기출DB_동지고!I:I,"주제",기출DB_동지고!H:H)+SUMIF(기출DB_동지고!I:I,"제목",기출DB_동지고!H:H)+SUMIF(기출DB_동지고!I:I,"요지",기출DB_동지고!H:H) -> 18.3
A10: 요약문 | B10: =COUNTIF(기출DB_동지고!I:I,"요약문") -> 1 | C10: =SUMIF(기출DB_동지고!I:I,"요약문",기출DB_동지고!H:H) -> 3.9
A11: 도표/안내문 | B11: =COUNTIF(기출DB_동지고!I:I,"도표")+COUNTIF(기출DB_동지고!I:I,"안내문불일치") -> 2 | C11: =SUMIF(기출DB_동지고!I:I,"도표",기출DB_동지고!H:H)+SUMIF(기출DB_동지고!I:I,"안내문불일치",기출DB_동지고!H:H) -> 7
A12: 함축의미 | B12: =COUNTIF(기출DB_동지고!I:I,"함축의미") -> 1 | C12: =SUMIF(기출DB_동지고!I:I,"함축의미",기출DB_동지고!H:H) -> 3.9
A13: 지칭추론(장문) | B13: =COUNTIF(기출DB_동지고!I:I,"지칭추론(장문)") -> 1 | C13: =SUMIF(기출DB_동지고!I:I,"지칭추론(장문)",기출DB_동지고!H:H) -> 3.5
A14: 합계 | B14: =SUM(B2:B13) -> 26 | C14: =SUM(C2:C13) -> 100
